file,conf,method,vol_auc,slice_auc
BRATS_006.nii.gz,0.9756,gradcam,0.071285,0.938260
BRATS_006.nii.gz,0.9756,ig,0.064637,0.937604
BRATS_006.nii.gz,0.9756,occlusion,0.073634,0.936608
BRATS_006.nii.gz,0.9756,tcav_edema,0.053016,0.940750
BRATS_006.nii.gz,0.9756,tcav_enhancing,0.081612,0.942393
BRATS_006.nii.gz,0.9756,tcav_non_enhancing,0.063209,0.943095
BRATS_006.nii.gz,0.9756,random,0.161407,0.951630
BRATS_011.nii.gz,0.9634,gradcam,0.060793,0.916497
BRATS_011.nii.gz,0.9634,ig,0.131309,0.912479
BRATS_011.nii.gz,0.9634,occlusion,0.073006,0.913061
BRATS_011.nii.gz,0.9634,tcav_edema,0.078386,0.910600
BRATS_011.nii.gz,0.9634,tcav_enhancing,0.090284,0.911461
BRATS_011.nii.gz,0.9634,tcav_non_enhancing,0.076614,0.912983
BRATS_011.nii.gz,0.9634,random,0.153637,0.920543
BRATS_014.nii.gz,0.9703,gradcam,0.041012,0.935841
BRATS_014.nii.gz,0.9703,ig,0.101991,0.930764
BRATS_014.nii.gz,0.9703,occlusion,0.060847,0.944983
BRATS_014.nii.gz,0.9703,tcav_edema,0.058450,0.936165
BRATS_014.nii.gz,0.9703,tcav_enhancing,0.049930,0.931909
BRATS_014.nii.gz,0.9703,tcav_non_enhancing,0.048613,0.925111
BRATS_014.nii.gz,0.9703,random,0.288601,0.938913
BRATS_022.nii.gz,0.8612,gradcam,0.840430,0.858340
BRATS_022.nii.gz,0.8612,ig,0.958093,0.863480
BRATS_022.nii.gz,0.8612,occlusion,0.864049,0.845405
BRATS_022.nii.gz,0.8612,tcav_edema,0.941558,0.867618
BRATS_022.nii.gz,0.8612,tcav_enhancing,0.927731,0.859419
BRATS_022.nii.gz,0.8612,tcav_non_enhancing,0.881247,0.862222
BRATS_022.nii.gz,0.8612,random,0.944769,0.863012
BRATS_029.nii.gz,0.9889,gradcam,0.962540,0.988290
BRATS_029.nii.gz,0.9889,ig,0.975581,0.987985
BRATS_029.nii.gz,0.9889,occlusion,0.919852,0.987689
BRATS_029.nii.gz,0.9889,tcav_edema,0.974447,0.988647
BRATS_029.nii.gz,0.9889,tcav_enhancing,0.976637,0.988342
BRATS_029.nii.gz,0.9889,tcav_non_enhancing,0.979162,0.988598
BRATS_029.nii.gz,0.9889,random,0.923713,0.988502
BRATS_040.nii.gz,0.9778,gradcam,0.054967,0.957528
BRATS_040.nii.gz,0.9778,ig,0.061196,0.958155
BRATS_040.nii.gz,0.9778,occlusion,0.063341,0.961520
BRATS_040.nii.gz,0.9778,tcav_edema,0.075236,0.964216
BRATS_040.nii.gz,0.9778,tcav_enhancing,0.064986,0.966056
BRATS_040.nii.gz,0.9778,tcav_non_enhancing,0.057444,0.967625
BRATS_040.nii.gz,0.9778,random,0.297910,0.976465
BRATS_064.nii.gz,1.0000,gradcam,0.108680,0.999993
BRATS_064.nii.gz,1.0000,ig,0.067076,0.999991
BRATS_064.nii.gz,1.0000,occlusion,0.080308,0.999921
BRATS_064.nii.gz,1.0000,tcav_edema,0.109476,0.999917
BRATS_064.nii.gz,1.0000,tcav_enhancing,0.108515,0.999907
BRATS_064.nii.gz,1.0000,tcav_non_enhancing,0.109166,0.999909
BRATS_064.nii.gz,1.0000,random,0.149571,0.999920
BRATS_066.nii.gz,0.5527,gradcam,0.030033,0.494509
BRATS_066.nii.gz,0.5527,ig,0.062058,0.495804
BRATS_066.nii.gz,0.5527,occlusion,0.022725,0.503244
BRATS_066.nii.gz,0.5527,tcav_edema,0.091461,0.503746
BRATS_066.nii.gz,0.5527,tcav_enhancing,0.071583,0.503348
BRATS_066.nii.gz,0.5527,tcav_non_enhancing,0.074476,0.514563
BRATS_066.nii.gz,0.5527,random,0.281181,0.510097
BRATS_070.nii.gz,0.9990,gradcam,0.959358,0.998787
BRATS_070.nii.gz,0.9990,ig,0.964521,0.998799
BRATS_070.nii.gz,0.9990,occlusion,0.964939,0.998698
BRATS_070.nii.gz,0.9990,tcav_edema,0.976662,0.998815
BRATS_070.nii.gz,0.9990,tcav_enhancing,0.973438,0.997043
BRATS_070.nii.gz,0.9990,tcav_non_enhancing,0.978323,0.997695
BRATS_070.nii.gz,0.9990,random,0.963850,0.997198
BRATS_072.nii.gz,0.8730,gradcam,0.776991,0.857108
BRATS_072.nii.gz,0.8730,ig,0.972165,0.871880
BRATS_072.nii.gz,0.8730,occlusion,0.498785,0.848580
BRATS_072.nii.gz,0.8730,tcav_edema,0.984930,0.866930
BRATS_072.nii.gz,0.8730,tcav_enhancing,0.950479,0.882542
BRATS_072.nii.gz,0.8730,tcav_non_enhancing,0.957314,0.883032
BRATS_072.nii.gz,0.8730,random,0.944118,0.873470
BRATS_075.nii.gz,0.9998,gradcam,0.090737,0.998848
BRATS_075.nii.gz,0.9998,ig,0.108717,0.998218
BRATS_075.nii.gz,0.9998,occlusion,0.062809,0.998435
BRATS_075.nii.gz,0.9998,tcav_edema,0.083281,0.999361
BRATS_075.nii.gz,0.9998,tcav_enhancing,0.109137,0.999294
BRATS_075.nii.gz,0.9998,tcav_non_enhancing,0.076998,0.999294
BRATS_075.nii.gz,0.9998,random,0.451312,0.998941
BRATS_079.nii.gz,0.9886,gradcam,0.942519,0.987378
BRATS_079.nii.gz,0.9886,ig,0.986305,0.988101
BRATS_079.nii.gz,0.9886,occlusion,0.856381,0.986323
BRATS_079.nii.gz,0.9886,tcav_edema,0.985935,0.988262
BRATS_079.nii.gz,0.9886,tcav_enhancing,0.966804,0.988363
BRATS_079.nii.gz,0.9886,tcav_non_enhancing,0.959356,0.988300
BRATS_079.nii.gz,0.9886,random,0.981477,0.987465
BRATS_086.nii.gz,0.9992,gradcam,0.922117,0.998674
BRATS_086.nii.gz,0.9992,ig,0.964999,0.996957
BRATS_086.nii.gz,0.9992,occlusion,0.989561,0.998536
BRATS_086.nii.gz,0.9992,tcav_edema,0.986800,0.996791
BRATS_086.nii.gz,0.9992,tcav_enhancing,0.992975,0.998914
BRATS_086.nii.gz,0.9992,tcav_non_enhancing,0.984508,0.998763
BRATS_086.nii.gz,0.9992,random,0.965125,0.997893
BRATS_088.nii.gz,0.6375,gradcam,0.045426,0.528429
BRATS_088.nii.gz,0.6375,ig,0.078676,0.537998
BRATS_088.nii.gz,0.6375,occlusion,0.032035,0.556059
BRATS_088.nii.gz,0.6375,tcav_edema,0.022480,0.533209
BRATS_088.nii.gz,0.6375,tcav_enhancing,0.039225,0.535233
BRATS_088.nii.gz,0.6375,tcav_non_enhancing,0.042772,0.537776
BRATS_088.nii.gz,0.6375,random,0.389863,0.600750
BRATS_091.nii.gz,0.9993,gradcam,0.091836,0.996482
BRATS_091.nii.gz,0.9993,ig,0.061237,0.996615
BRATS_091.nii.gz,0.9993,occlusion,0.053627,0.996514
BRATS_091.nii.gz,0.9993,tcav_edema,0.073486,0.996793
BRATS_091.nii.gz,0.9993,tcav_enhancing,0.061472,0.996728
BRATS_091.nii.gz,0.9993,tcav_non_enhancing,0.069387,0.996530
BRATS_091.nii.gz,0.9993,random,0.457155,0.998405
BRATS_100.nii.gz,0.9838,gradcam,0.824819,0.981880
BRATS_100.nii.gz,0.9838,ig,0.950175,0.983469
BRATS_100.nii.gz,0.9838,occlusion,0.772076,0.980138
BRATS_100.nii.gz,0.9838,tcav_edema,0.985598,0.984235
BRATS_100.nii.gz,0.9838,tcav_enhancing,0.973095,0.984633
BRATS_100.nii.gz,0.9838,tcav_non_enhancing,0.961701,0.984507
BRATS_100.nii.gz,0.9838,random,0.948029,0.983472
BRATS_104.nii.gz,0.9946,gradcam,0.032656,0.973465
BRATS_104.nii.gz,0.9946,ig,0.057687,0.971202
BRATS_104.nii.gz,0.9946,occlusion,0.050527,0.971920
BRATS_104.nii.gz,0.9946,tcav_edema,0.050504,0.971123
BRATS_104.nii.gz,0.9946,tcav_enhancing,0.041366,0.968051
BRATS_104.nii.gz,0.9946,tcav_non_enhancing,0.032064,0.966354
BRATS_104.nii.gz,0.9946,random,0.325014,0.974180
BRATS_107.nii.gz,0.9991,gradcam,0.990625,0.998972
BRATS_107.nii.gz,0.9991,ig,0.956483,0.998958
BRATS_107.nii.gz,0.9991,occlusion,0.970260,0.998706
BRATS_107.nii.gz,0.9991,tcav_edema,0.991432,0.999006
BRATS_107.nii.gz,0.9991,tcav_enhancing,0.990298,0.999003
BRATS_107.nii.gz,0.9991,tcav_non_enhancing,0.988093,0.998993
BRATS_107.nii.gz,0.9991,random,0.956253,0.998860
BRATS_112.nii.gz,0.9439,gradcam,0.949750,0.938329
BRATS_112.nii.gz,0.9439,ig,0.941203,0.944825
BRATS_112.nii.gz,0.9439,occlusion,0.887671,0.936531
BRATS_112.nii.gz,0.9439,tcav_edema,0.791371,0.942052
BRATS_112.nii.gz,0.9439,tcav_enhancing,0.964785,0.942863
BRATS_112.nii.gz,0.9439,tcav_non_enhancing,0.943042,0.945943
BRATS_112.nii.gz,0.9439,random,0.963017,0.945556
BRATS_115.nii.gz,0.9990,gradcam,0.957962,0.998717
BRATS_115.nii.gz,0.9990,ig,0.960169,0.998406
BRATS_115.nii.gz,0.9990,occlusion,0.952246,0.998690
BRATS_115.nii.gz,0.9990,tcav_edema,0.989728,0.998771
BRATS_115.nii.gz,0.9990,tcav_enhancing,0.986461,0.998748
BRATS_115.nii.gz,0.9990,tcav_non_enhancing,0.976849,0.998768
BRATS_115.nii.gz,0.9990,random,0.962853,0.998735
BRATS_117.nii.gz,0.9436,gradcam,0.910663,0.943884
BRATS_117.nii.gz,0.9436,ig,0.946181,0.940378
BRATS_117.nii.gz,0.9436,occlusion,0.887777,0.944838
BRATS_117.nii.gz,0.9436,tcav_edema,0.960864,0.947659
BRATS_117.nii.gz,0.9436,tcav_enhancing,0.952220,0.946210
BRATS_117.nii.gz,0.9436,tcav_non_enhancing,0.961209,0.947449
BRATS_117.nii.gz,0.9436,random,0.893006,0.944733
BRATS_118.nii.gz,0.6616,gradcam,0.021321,0.710215
BRATS_118.nii.gz,0.6616,ig,0.044702,0.692591
BRATS_118.nii.gz,0.6616,occlusion,0.024808,0.642465
BRATS_118.nii.gz,0.6616,tcav_edema,0.033273,0.695515
BRATS_118.nii.gz,0.6616,tcav_enhancing,0.032844,0.690516
BRATS_118.nii.gz,0.6616,tcav_non_enhancing,0.030764,0.695943
BRATS_118.nii.gz,0.6616,random,0.338596,0.689439
BRATS_124.nii.gz,0.7203,gradcam,0.573705,0.673340
BRATS_124.nii.gz,0.7203,ig,0.946316,0.732142
BRATS_124.nii.gz,0.7203,occlusion,0.741174,0.677072
BRATS_124.nii.gz,0.7203,tcav_edema,0.968115,0.739587
BRATS_124.nii.gz,0.7203,tcav_enhancing,0.972515,0.694937
BRATS_124.nii.gz,0.7203,tcav_non_enhancing,0.968551,0.705443
BRATS_124.nii.gz,0.7203,random,0.770291,0.719971
BRATS_126.nii.gz,0.9942,gradcam,0.932225,0.993417
BRATS_126.nii.gz,0.9942,ig,0.947246,0.993668
BRATS_126.nii.gz,0.9942,occlusion,0.958890,0.993001
BRATS_126.nii.gz,0.9942,tcav_edema,0.967732,0.993898
BRATS_126.nii.gz,0.9942,tcav_enhancing,0.978171,0.994017
BRATS_126.nii.gz,0.9942,tcav_non_enhancing,0.978029,0.994010
BRATS_126.nii.gz,0.9942,random,0.932398,0.994007
BRATS_143.nii.gz,0.9990,gradcam,0.967989,0.998729
BRATS_143.nii.gz,0.9990,ig,0.957290,0.998713
BRATS_143.nii.gz,0.9990,occlusion,0.958662,0.998747
BRATS_143.nii.gz,0.9990,tcav_edema,0.985170,0.998743
BRATS_143.nii.gz,0.9990,tcav_enhancing,0.982849,0.998780
BRATS_143.nii.gz,0.9990,tcav_non_enhancing,0.970277,0.998781
BRATS_143.nii.gz,0.9990,random,0.989813,0.998754
BRATS_158.nii.gz,0.9313,gradcam,0.596982,0.919811
BRATS_158.nii.gz,0.9313,ig,0.926407,0.930965
BRATS_158.nii.gz,0.9313,occlusion,0.463668,0.914996
BRATS_158.nii.gz,0.9313,tcav_edema,0.991878,0.934092
BRATS_158.nii.gz,0.9313,tcav_enhancing,0.977862,0.934963
BRATS_158.nii.gz,0.9313,tcav_non_enhancing,0.980456,0.934962
BRATS_158.nii.gz,0.9313,random,0.968172,0.930064
BRATS_171.nii.gz,0.9996,gradcam,0.957526,0.999417
BRATS_171.nii.gz,0.9996,ig,0.960776,0.999386
BRATS_171.nii.gz,0.9996,occlusion,0.983502,0.999392
BRATS_171.nii.gz,0.9996,tcav_edema,0.984759,0.999421
BRATS_171.nii.gz,0.9996,tcav_enhancing,0.983196,0.999423
BRATS_171.nii.gz,0.9996,tcav_non_enhancing,0.985352,0.999428
BRATS_171.nii.gz,0.9996,random,0.961045,0.999425
BRATS_178.nii.gz,0.9990,gradcam,0.924427,0.998724
BRATS_178.nii.gz,0.9990,ig,0.964532,0.998756
BRATS_178.nii.gz,0.9990,occlusion,0.972160,0.998722
BRATS_178.nii.gz,0.9990,tcav_edema,0.968368,0.998733
BRATS_178.nii.gz,0.9990,tcav_enhancing,0.963878,0.998773
BRATS_178.nii.gz,0.9990,tcav_non_enhancing,0.980655,0.998739
BRATS_178.nii.gz,0.9990,random,0.950859,0.998785
BRATS_188.nii.gz,0.9987,gradcam,0.963859,0.998410
BRATS_188.nii.gz,0.9987,ig,0.957445,0.998392
BRATS_188.nii.gz,0.9987,occlusion,0.952873,0.998392
BRATS_188.nii.gz,0.9987,tcav_edema,0.991870,0.998464
BRATS_188.nii.gz,0.9987,tcav_enhancing,0.993858,0.998472
BRATS_188.nii.gz,0.9987,tcav_non_enhancing,0.992715,0.998493
BRATS_188.nii.gz,0.9987,random,0.993099,0.998481
BRATS_189.nii.gz,0.9821,gradcam,0.964765,0.982079
BRATS_189.nii.gz,0.9821,ig,0.954675,0.983540
BRATS_189.nii.gz,0.9821,occlusion,0.914053,0.976347
BRATS_189.nii.gz,0.9821,tcav_edema,0.980718,0.985095
BRATS_189.nii.gz,0.9821,tcav_enhancing,0.980313,0.985137
BRATS_189.nii.gz,0.9821,tcav_non_enhancing,0.981043,0.985148
BRATS_189.nii.gz,0.9821,random,0.957553,0.983054
BRATS_190.nii.gz,0.9338,gradcam,0.745232,0.924056
BRATS_190.nii.gz,0.9338,ig,0.965613,0.932303
BRATS_190.nii.gz,0.9338,occlusion,0.434229,0.916667
BRATS_190.nii.gz,0.9338,tcav_edema,0.978330,0.934892
BRATS_190.nii.gz,0.9338,tcav_enhancing,0.959054,0.935356
BRATS_190.nii.gz,0.9338,tcav_non_enhancing,0.967246,0.934650
BRATS_190.nii.gz,0.9338,random,0.801521,0.928662
BRATS_200.nii.gz,0.9131,gradcam,0.559376,0.903420
BRATS_200.nii.gz,0.9131,ig,0.959719,0.904468
BRATS_200.nii.gz,0.9131,occlusion,0.530270,0.891436
BRATS_200.nii.gz,0.9131,tcav_edema,0.984036,0.916276
BRATS_200.nii.gz,0.9131,tcav_enhancing,0.958294,0.914385
BRATS_200.nii.gz,0.9131,tcav_non_enhancing,0.962277,0.912270
BRATS_200.nii.gz,0.9131,random,0.938053,0.909479
BRATS_207.nii.gz,0.9834,gradcam,0.942709,0.974878
BRATS_207.nii.gz,0.9834,ig,0.980482,0.948225
BRATS_207.nii.gz,0.9834,occlusion,0.984217,0.971602
BRATS_207.nii.gz,0.9834,tcav_edema,0.981601,0.932617
BRATS_207.nii.gz,0.9834,tcav_enhancing,0.971430,0.938371
BRATS_207.nii.gz,0.9834,tcav_non_enhancing,0.968215,0.926814
BRATS_207.nii.gz,0.9834,random,0.969884,0.956402
BRATS_210.nii.gz,0.8253,gradcam,0.048532,0.711432
BRATS_210.nii.gz,0.8253,ig,0.057203,0.715563
BRATS_210.nii.gz,0.8253,occlusion,0.052865,0.705242
BRATS_210.nii.gz,0.8253,tcav_edema,0.046833,0.713833
BRATS_210.nii.gz,0.8253,tcav_enhancing,0.049386,0.708196
BRATS_210.nii.gz,0.8253,tcav_non_enhancing,0.048193,0.707409
BRATS_210.nii.gz,0.8253,random,0.156633,0.763253
BRATS_219.nii.gz,0.9996,gradcam,0.047957,0.998095
BRATS_219.nii.gz,0.9996,ig,0.074470,0.998458
BRATS_219.nii.gz,0.9996,occlusion,0.049452,0.997636
BRATS_219.nii.gz,0.9996,tcav_edema,0.074825,0.998175
BRATS_219.nii.gz,0.9996,tcav_enhancing,0.079547,0.998299
BRATS_219.nii.gz,0.9996,tcav_non_enhancing,0.068502,0.998273
BRATS_219.nii.gz,0.9996,random,0.384469,0.998941
BRATS_221.nii.gz,0.8947,gradcam,0.927640,0.890625
BRATS_221.nii.gz,0.8947,ig,0.966891,0.902310
BRATS_221.nii.gz,0.8947,occlusion,0.351236,0.882895
BRATS_221.nii.gz,0.8947,tcav_edema,0.986473,0.904524
BRATS_221.nii.gz,0.8947,tcav_enhancing,0.991975,0.904737
BRATS_221.nii.gz,0.8947,tcav_non_enhancing,0.978897,0.904112
BRATS_221.nii.gz,0.8947,random,0.963448,0.892688
BRATS_222.nii.gz,0.9975,gradcam,0.964142,0.996721
BRATS_222.nii.gz,0.9975,ig,0.955655,0.995853
BRATS_222.nii.gz,0.9975,occlusion,0.970831,0.997082
BRATS_222.nii.gz,0.9975,tcav_edema,0.987054,0.987225
BRATS_222.nii.gz,0.9975,tcav_enhancing,0.974705,0.985976
BRATS_222.nii.gz,0.9975,tcav_non_enhancing,0.976369,0.985026
BRATS_222.nii.gz,0.9975,random,0.966397,0.993273
BRATS_224.nii.gz,0.9997,gradcam,0.896390,0.999607
BRATS_224.nii.gz,0.9997,ig,0.951701,0.999605
BRATS_224.nii.gz,0.9997,occlusion,0.643946,0.998928
BRATS_224.nii.gz,0.9997,tcav_edema,0.980324,0.999574
BRATS_224.nii.gz,0.9997,tcav_enhancing,0.979264,0.999604
BRATS_224.nii.gz,0.9997,tcav_non_enhancing,0.985351,0.999605
BRATS_224.nii.gz,0.9997,random,0.991284,0.999586
BRATS_225.nii.gz,1.0000,gradcam,0.840126,0.999998
BRATS_225.nii.gz,1.0000,ig,0.080841,0.999998
BRATS_225.nii.gz,1.0000,occlusion,0.381109,0.999998
BRATS_225.nii.gz,1.0000,tcav_edema,0.046211,0.999999
BRATS_225.nii.gz,1.0000,tcav_enhancing,0.054237,0.999999
BRATS_225.nii.gz,1.0000,tcav_non_enhancing,0.083241,0.999999
BRATS_225.nii.gz,1.0000,random,0.212995,0.999997
BRATS_267.nii.gz,0.9999,gradcam,0.056618,0.999238
BRATS_267.nii.gz,0.9999,ig,0.062883,0.999517
BRATS_267.nii.gz,0.9999,occlusion,0.060754,0.999150
BRATS_267.nii.gz,0.9999,tcav_edema,0.040698,0.999587
BRATS_267.nii.gz,0.9999,tcav_enhancing,0.048109,0.999502
BRATS_267.nii.gz,0.9999,tcav_non_enhancing,0.080392,0.999510
BRATS_267.nii.gz,0.9999,random,0.309306,0.999651
BRATS_275.nii.gz,0.9910,gradcam,0.071413,0.987678
BRATS_275.nii.gz,0.9910,ig,0.093131,0.983110
BRATS_275.nii.gz,0.9910,occlusion,0.086845,0.989158
BRATS_275.nii.gz,0.9910,tcav_edema,0.096125,0.987363
BRATS_275.nii.gz,0.9910,tcav_enhancing,0.066482,0.986157
BRATS_275.nii.gz,0.9910,tcav_non_enhancing,0.094792,0.986277
BRATS_275.nii.gz,0.9910,random,0.137194,0.985948
BRATS_278.nii.gz,0.9952,gradcam,0.894855,0.994197
BRATS_278.nii.gz,0.9952,ig,0.963520,0.994613
BRATS_278.nii.gz,0.9952,occlusion,0.961635,0.994098
BRATS_278.nii.gz,0.9952,tcav_edema,0.979425,0.994747
BRATS_278.nii.gz,0.9952,tcav_enhancing,0.981246,0.994838
BRATS_278.nii.gz,0.9952,tcav_non_enhancing,0.985818,0.994797
BRATS_278.nii.gz,0.9952,random,0.976543,0.994518
BRATS_279.nii.gz,0.9999,gradcam,0.100577,0.999686
BRATS_279.nii.gz,0.9999,ig,0.138591,0.999451
BRATS_279.nii.gz,0.9999,occlusion,0.061209,0.999510
BRATS_279.nii.gz,0.9999,tcav_edema,0.080226,0.999523
BRATS_279.nii.gz,0.9999,tcav_enhancing,0.114021,0.999601
BRATS_279.nii.gz,0.9999,tcav_non_enhancing,0.121013,0.999596
BRATS_279.nii.gz,0.9999,random,0.323648,0.999497
BRATS_302.nii.gz,0.9999,gradcam,0.976493,0.999810
BRATS_302.nii.gz,0.9999,ig,0.956968,0.999809
BRATS_302.nii.gz,0.9999,occlusion,0.960842,0.999808
BRATS_302.nii.gz,0.9999,tcav_edema,0.991364,0.999818
BRATS_302.nii.gz,0.9999,tcav_enhancing,0.997311,0.999813
BRATS_302.nii.gz,0.9999,tcav_non_enhancing,0.793096,0.999805
BRATS_302.nii.gz,0.9999,random,0.973933,0.999819
BRATS_330.nii.gz,0.9994,gradcam,0.986776,0.999312
BRATS_330.nii.gz,0.9994,ig,0.972667,0.999337
BRATS_330.nii.gz,0.9994,occlusion,0.916424,0.999145
BRATS_330.nii.gz,0.9994,tcav_edema,0.989103,0.999362
BRATS_330.nii.gz,0.9994,tcav_enhancing,0.981683,0.999359
BRATS_330.nii.gz,0.9994,tcav_non_enhancing,0.975058,0.999367
BRATS_330.nii.gz,0.9994,random,0.954547,0.999281
BRATS_333.nii.gz,0.9384,gradcam,0.410726,0.931273
BRATS_333.nii.gz,0.9384,ig,0.947492,0.937614
BRATS_333.nii.gz,0.9384,occlusion,0.201870,0.922424
BRATS_333.nii.gz,0.9384,tcav_edema,0.984757,0.940429
BRATS_333.nii.gz,0.9384,tcav_enhancing,0.968722,0.940480
BRATS_333.nii.gz,0.9384,tcav_non_enhancing,0.969011,0.940335
BRATS_333.nii.gz,0.9384,random,0.852945,0.933769
BRATS_340.nii.gz,0.9983,gradcam,0.948243,0.997961
BRATS_340.nii.gz,0.9983,ig,0.952936,0.998051
BRATS_340.nii.gz,0.9983,occlusion,0.628216,0.997917
BRATS_340.nii.gz,0.9983,tcav_edema,0.946637,0.998080
BRATS_340.nii.gz,0.9983,tcav_enhancing,0.970665,0.998025
BRATS_340.nii.gz,0.9983,tcav_non_enhancing,0.976999,0.998047
BRATS_340.nii.gz,0.9983,random,0.958064,0.998003
BRATS_348.nii.gz,0.9991,gradcam,0.042373,0.987329
BRATS_348.nii.gz,0.9991,ig,0.062032,0.987731
BRATS_348.nii.gz,0.9991,occlusion,0.048295,0.991859
BRATS_348.nii.gz,0.9991,tcav_edema,0.049669,0.989878
BRATS_348.nii.gz,0.9991,tcav_enhancing,0.052474,0.988599
BRATS_348.nii.gz,0.9991,tcav_non_enhancing,0.047362,0.988130
BRATS_348.nii.gz,0.9991,random,0.119862,0.984754
BRATS_350.nii.gz,0.9425,gradcam,0.821944,0.938262
BRATS_350.nii.gz,0.9425,ig,0.921359,0.942956
BRATS_350.nii.gz,0.9425,occlusion,0.671713,0.932040
BRATS_350.nii.gz,0.9425,tcav_edema,0.969515,0.943351
BRATS_350.nii.gz,0.9425,tcav_enhancing,0.972102,0.938630
BRATS_350.nii.gz,0.9425,tcav_non_enhancing,0.962786,0.938701
BRATS_350.nii.gz,0.9425,random,0.951334,0.939158
BRATS_352.nii.gz,0.9886,gradcam,0.711745,0.987359
BRATS_352.nii.gz,0.9886,ig,0.946433,0.989483
BRATS_352.nii.gz,0.9886,occlusion,0.978387,0.986709
BRATS_352.nii.gz,0.9886,tcav_edema,0.988770,0.989834
BRATS_352.nii.gz,0.9886,tcav_enhancing,0.985099,0.989982
BRATS_352.nii.gz,0.9886,tcav_non_enhancing,0.991948,0.990014
BRATS_352.nii.gz,0.9886,random,0.959614,0.989028
BRATS_360.nii.gz,0.9989,gradcam,0.929617,0.998598
BRATS_360.nii.gz,0.9989,ig,0.961426,0.998690
BRATS_360.nii.gz,0.9989,occlusion,0.976657,0.998467
BRATS_360.nii.gz,0.9989,tcav_edema,0.972136,0.998686
BRATS_360.nii.gz,0.9989,tcav_enhancing,0.976091,0.998716
BRATS_360.nii.gz,0.9989,tcav_non_enhancing,0.979724,0.998717
BRATS_360.nii.gz,0.9989,random,0.984762,0.998676
BRATS_369.nii.gz,0.9938,gradcam,0.245974,0.971868
BRATS_369.nii.gz,0.9938,ig,0.092498,0.963021
BRATS_369.nii.gz,0.9938,occlusion,0.037446,0.955828
BRATS_369.nii.gz,0.9938,tcav_edema,0.054601,0.960642
BRATS_369.nii.gz,0.9938,tcav_enhancing,0.070422,0.959687
BRATS_369.nii.gz,0.9938,tcav_non_enhancing,0.070831,0.962287
BRATS_369.nii.gz,0.9938,random,0.096780,0.970140
BRATS_373.nii.gz,0.9992,gradcam,0.983676,0.999021
BRATS_373.nii.gz,0.9992,ig,0.964316,0.999053
BRATS_373.nii.gz,0.9992,occlusion,0.664817,0.997392
BRATS_373.nii.gz,0.9992,tcav_edema,0.992439,0.999167
BRATS_373.nii.gz,0.9992,tcav_enhancing,0.993821,0.998494
BRATS_373.nii.gz,0.9992,tcav_non_enhancing,0.980602,0.998374
BRATS_373.nii.gz,0.9992,random,0.952202,0.998985
BRATS_382.nii.gz,0.9973,gradcam,0.842109,0.996489
BRATS_382.nii.gz,0.9973,ig,0.968536,0.997153
BRATS_382.nii.gz,0.9973,occlusion,0.702849,0.996350
BRATS_382.nii.gz,0.9973,tcav_edema,0.994822,0.997152
BRATS_382.nii.gz,0.9973,tcav_enhancing,0.994286,0.997182
BRATS_382.nii.gz,0.9973,tcav_non_enhancing,0.993601,0.997185
BRATS_382.nii.gz,0.9973,random,0.979986,0.996524
BRATS_386.nii.gz,0.9481,gradcam,0.816734,0.944327
BRATS_386.nii.gz,0.9481,ig,0.966325,0.948269
BRATS_386.nii.gz,0.9481,occlusion,0.712372,0.938695
BRATS_386.nii.gz,0.9481,tcav_edema,0.983976,0.950521
BRATS_386.nii.gz,0.9481,tcav_enhancing,0.985571,0.950413
BRATS_386.nii.gz,0.9481,tcav_non_enhancing,0.985361,0.950544
BRATS_386.nii.gz,0.9481,random,0.967168,0.946845
BRATS_389.nii.gz,0.9934,gradcam,0.959118,0.991923
BRATS_389.nii.gz,0.9934,ig,0.940837,0.992801
BRATS_389.nii.gz,0.9934,occlusion,0.924611,0.991903
BRATS_389.nii.gz,0.9934,tcav_edema,0.963510,0.993126
BRATS_389.nii.gz,0.9934,tcav_enhancing,0.966612,0.993025
BRATS_389.nii.gz,0.9934,tcav_non_enhancing,0.981598,0.993059
BRATS_389.nii.gz,0.9934,random,0.977027,0.992723
BRATS_391.nii.gz,0.8737,gradcam,0.626812,0.834488
BRATS_391.nii.gz,0.8737,ig,0.955517,0.836881
BRATS_391.nii.gz,0.8737,occlusion,0.828925,0.830768
BRATS_391.nii.gz,0.8737,tcav_edema,0.974153,0.793515
BRATS_391.nii.gz,0.8737,tcav_enhancing,0.971931,0.795472
BRATS_391.nii.gz,0.8737,tcav_non_enhancing,0.975001,0.790112
BRATS_391.nii.gz,0.8737,random,0.939055,0.844147
BRATS_396.nii.gz,0.9823,gradcam,0.062705,0.947480
BRATS_396.nii.gz,0.9823,ig,0.047833,0.951379
BRATS_396.nii.gz,0.9823,occlusion,0.044468,0.944987
BRATS_396.nii.gz,0.9823,tcav_edema,0.076187,0.950642
BRATS_396.nii.gz,0.9823,tcav_enhancing,0.092402,0.949537
BRATS_396.nii.gz,0.9823,tcav_non_enhancing,0.083810,0.950699
BRATS_396.nii.gz,0.9823,random,0.194420,0.968490
BRATS_400.nii.gz,0.9618,gradcam,0.149121,0.897428
BRATS_400.nii.gz,0.9618,ig,0.081968,0.899585
BRATS_400.nii.gz,0.9618,occlusion,0.066502,0.890865
BRATS_400.nii.gz,0.9618,tcav_edema,0.084321,0.890000
BRATS_400.nii.gz,0.9618,tcav_enhancing,0.078416,0.889063
BRATS_400.nii.gz,0.9618,tcav_non_enhancing,0.078423,0.888578
BRATS_400.nii.gz,0.9618,random,0.191436,0.917183
BRATS_405.nii.gz,0.9813,gradcam,0.744364,0.976455
BRATS_405.nii.gz,0.9813,ig,0.946231,0.981597
BRATS_405.nii.gz,0.9813,occlusion,0.930882,0.978627
BRATS_405.nii.gz,0.9813,tcav_edema,0.987195,0.982885
BRATS_405.nii.gz,0.9813,tcav_enhancing,0.988159,0.982792
BRATS_405.nii.gz,0.9813,tcav_non_enhancing,0.987992,0.982941
BRATS_405.nii.gz,0.9813,random,0.974062,0.981086
BRATS_410.nii.gz,0.9993,gradcam,0.093283,0.996559
BRATS_410.nii.gz,0.9993,ig,0.058850,0.996332
BRATS_410.nii.gz,0.9993,occlusion,0.053638,0.996521
BRATS_410.nii.gz,0.9993,tcav_edema,0.070360,0.996783
BRATS_410.nii.gz,0.9993,tcav_enhancing,0.060657,0.996753
BRATS_410.nii.gz,0.9993,tcav_non_enhancing,0.066377,0.996647
BRATS_410.nii.gz,0.9993,random,0.245238,0.997294
BRATS_414.nii.gz,0.9999,gradcam,0.056661,0.999648
BRATS_414.nii.gz,0.9999,ig,0.069429,0.999764
BRATS_414.nii.gz,0.9999,occlusion,0.052435,0.999688
BRATS_414.nii.gz,0.9999,tcav_edema,0.061039,0.999574
BRATS_414.nii.gz,0.9999,tcav_enhancing,0.048887,0.999460
BRATS_414.nii.gz,0.9999,tcav_non_enhancing,0.044929,0.999435
BRATS_414.nii.gz,0.9999,random,0.191940,0.999815
BRATS_418.nii.gz,0.9666,gradcam,0.887249,0.960137
BRATS_418.nii.gz,0.9666,ig,0.973158,0.962968
BRATS_418.nii.gz,0.9666,occlusion,0.712066,0.946265
BRATS_418.nii.gz,0.9666,tcav_edema,0.949868,0.964927
BRATS_418.nii.gz,0.9666,tcav_enhancing,0.961194,0.965203
BRATS_418.nii.gz,0.9666,tcav_non_enhancing,0.984075,0.964981
BRATS_418.nii.gz,0.9666,random,0.965202,0.963025
BRATS_427.nii.gz,0.9657,gradcam,0.058865,0.938870
BRATS_427.nii.gz,0.9657,ig,0.091919,0.950381
BRATS_427.nii.gz,0.9657,occlusion,0.127480,0.932335
BRATS_427.nii.gz,0.9657,tcav_edema,0.057118,0.937225
BRATS_427.nii.gz,0.9657,tcav_enhancing,0.094576,0.944129
BRATS_427.nii.gz,0.9657,tcav_non_enhancing,0.064968,0.944323
BRATS_427.nii.gz,0.9657,random,0.258663,0.945724
BRATS_429.nii.gz,0.9327,gradcam,0.643032,0.918331
BRATS_429.nii.gz,0.9327,ig,0.949824,0.929148
BRATS_429.nii.gz,0.9327,occlusion,0.678053,0.899443
BRATS_429.nii.gz,0.9327,tcav_edema,0.987815,0.929877
BRATS_429.nii.gz,0.9327,tcav_enhancing,0.986049,0.931094
BRATS_429.nii.gz,0.9327,tcav_non_enhancing,0.981214,0.931479
BRATS_429.nii.gz,0.9327,random,0.932222,0.920275
BRATS_437.nii.gz,0.9995,gradcam,0.092208,0.996109
BRATS_437.nii.gz,0.9995,ig,0.126723,0.996255
BRATS_437.nii.gz,0.9995,occlusion,0.062459,0.995601
BRATS_437.nii.gz,0.9995,tcav_edema,0.056653,0.994948
BRATS_437.nii.gz,0.9995,tcav_enhancing,0.073739,0.995609
BRATS_437.nii.gz,0.9995,tcav_non_enhancing,0.078349,0.995691
BRATS_437.nii.gz,0.9995,random,0.072011,0.997620
BRATS_444.nii.gz,0.9809,gradcam,0.931599,0.980334
BRATS_444.nii.gz,0.9809,ig,0.949479,0.981254
BRATS_444.nii.gz,0.9809,occlusion,0.934745,0.972752
BRATS_444.nii.gz,0.9809,tcav_edema,0.982707,0.980786
BRATS_444.nii.gz,0.9809,tcav_enhancing,0.982999,0.980520
BRATS_444.nii.gz,0.9809,tcav_non_enhancing,0.972579,0.980734
BRATS_444.nii.gz,0.9809,random,0.952064,0.981111
BRATS_446.nii.gz,0.9993,gradcam,0.044087,0.996880
BRATS_446.nii.gz,0.9993,ig,0.098263,0.996455
BRATS_446.nii.gz,0.9993,occlusion,0.047891,0.997046
BRATS_446.nii.gz,0.9993,tcav_edema,0.078988,0.996079
BRATS_446.nii.gz,0.9993,tcav_enhancing,0.348161,0.996849
BRATS_446.nii.gz,0.9993,tcav_non_enhancing,0.315771,0.996792
BRATS_446.nii.gz,0.9993,random,0.355971,0.997569
BRATS_449.nii.gz,0.9870,gradcam,0.047414,0.977362
BRATS_449.nii.gz,0.9870,ig,0.084110,0.975972
BRATS_449.nii.gz,0.9870,occlusion,0.062764,0.977509
BRATS_449.nii.gz,0.9870,tcav_edema,0.065118,0.976951
BRATS_449.nii.gz,0.9870,tcav_enhancing,0.087218,0.979569
BRATS_449.nii.gz,0.9870,tcav_non_enhancing,0.087448,0.979622
BRATS_449.nii.gz,0.9870,random,0.329925,0.981082
BRATS_460.nii.gz,1.0000,gradcam,0.653606,0.999998
BRATS_460.nii.gz,1.0000,ig,0.096912,0.999998
BRATS_460.nii.gz,1.0000,occlusion,0.332190,0.999998
BRATS_460.nii.gz,1.0000,tcav_edema,0.068735,0.999999
BRATS_460.nii.gz,1.0000,tcav_enhancing,0.054159,0.999999
BRATS_460.nii.gz,1.0000,tcav_non_enhancing,0.065693,0.999999
BRATS_460.nii.gz,1.0000,random,0.296161,0.999999
BRATS_467.nii.gz,0.9954,gradcam,0.924814,0.994750
BRATS_467.nii.gz,0.9954,ig,0.965529,0.995271
BRATS_467.nii.gz,0.9954,occlusion,0.872470,0.994336
BRATS_467.nii.gz,0.9954,tcav_edema,0.991376,0.995611
BRATS_467.nii.gz,0.9954,tcav_enhancing,0.974017,0.995529
BRATS_467.nii.gz,0.9954,tcav_non_enhancing,0.975816,0.995568
BRATS_467.nii.gz,0.9954,random,0.933165,0.995031
BRATS_468.nii.gz,0.5054,gradcam,0.440359,0.486567
BRATS_468.nii.gz,0.5054,ig,0.942682,0.539261
BRATS_468.nii.gz,0.5054,occlusion,0.275452,0.470874
BRATS_468.nii.gz,0.5054,tcav_edema,0.959820,0.540344
BRATS_468.nii.gz,0.5054,tcav_enhancing,0.957174,0.550904
BRATS_468.nii.gz,0.5054,tcav_non_enhancing,0.971526,0.544364
BRATS_468.nii.gz,0.5054,random,0.850490,0.501735
BRATS_477.nii.gz,1.0000,gradcam,0.057543,0.999991
BRATS_477.nii.gz,1.0000,ig,0.078621,0.999991
BRATS_477.nii.gz,1.0000,occlusion,0.068422,0.999991
BRATS_477.nii.gz,1.0000,tcav_edema,0.085666,0.999991
BRATS_477.nii.gz,1.0000,tcav_enhancing,0.089850,0.999991
BRATS_477.nii.gz,1.0000,tcav_non_enhancing,0.113205,0.999991
BRATS_477.nii.gz,1.0000,random,0.297508,0.999994
