dataset,arch,operator,file,conf,method,vol_auc,slice_auc
brats,reference,context-nn,vol0000,0.9683,gradcam,0.884472,0.967861
brats,reference,context-nn,vol0000,0.9683,ig,0.959072,0.952806
brats,reference,context-nn,vol0000,0.9683,occlusion,0.957720,0.964782
brats,reference,context-nn,vol0000,0.9683,random,0.899257,0.971704
brats,reference,context-nn,vol0001,0.8489,gradcam,0.994071,0.860805
brats,reference,context-nn,vol0001,0.8489,ig,0.887719,0.865082
brats,reference,context-nn,vol0001,0.8489,occlusion,0.979583,0.847774
brats,reference,context-nn,vol0001,0.8489,random,0.878754,0.873507
brats,reference,context-nn,vol0002,0.7216,gradcam,0.672845,0.752480
brats,reference,context-nn,vol0002,0.7216,ig,0.987531,0.735333
brats,reference,context-nn,vol0002,0.7216,occlusion,0.571153,0.732466
brats,reference,context-nn,vol0002,0.7216,random,0.897032,0.768835
brats,reference,context-nn,vol0003,0.5226,gradcam,0.817375,0.583194
brats,reference,context-nn,vol0003,0.5226,ig,0.769963,0.573923
brats,reference,context-nn,vol0003,0.5226,occlusion,0.258928,0.538287
brats,reference,context-nn,vol0003,0.5226,random,0.834848,0.568279
brats,reference,context-nn,vol0004,0.8546,gradcam,0.085978,0.776347
brats,reference,context-nn,vol0004,0.8546,ig,0.042179,0.771215
brats,reference,context-nn,vol0004,0.8546,occlusion,0.033700,0.773030
brats,reference,context-nn,vol0004,0.8546,random,0.322072,0.789999
brats,reference,context-nn,vol0005,0.9891,gradcam,0.946814,0.971636
brats,reference,context-nn,vol0005,0.9891,ig,0.828355,0.986415
brats,reference,context-nn,vol0005,0.9891,occlusion,0.871933,0.981848
brats,reference,context-nn,vol0005,0.9891,random,0.859418,0.988382
brats,reference,context-nn,vol0006,0.9984,gradcam,0.876239,0.993690
brats,reference,context-nn,vol0006,0.9984,ig,0.792489,0.997707
brats,reference,context-nn,vol0006,0.9984,occlusion,0.542240,0.994523
brats,reference,context-nn,vol0006,0.9984,random,0.868158,0.997925
brats,reference,context-nn,vol0007,0.8345,gradcam,0.038945,0.780249
brats,reference,context-nn,vol0007,0.8345,ig,0.224128,0.777762
brats,reference,context-nn,vol0007,0.8345,occlusion,0.089112,0.760869
brats,reference,context-nn,vol0007,0.8345,random,0.283008,0.764933
brats,reference,context-nn,vol0008,0.9741,gradcam,0.287869,0.960398
brats,reference,context-nn,vol0008,0.9741,ig,0.282178,0.958005
brats,reference,context-nn,vol0008,0.9741,occlusion,0.047989,0.959640
brats,reference,context-nn,vol0008,0.9741,random,0.371233,0.963874
brats,reference,context-nn,vol0009,0.8742,gradcam,0.023587,0.833682
brats,reference,context-nn,vol0009,0.8742,ig,0.071812,0.817336
brats,reference,context-nn,vol0009,0.8742,occlusion,0.178439,0.813369
brats,reference,context-nn,vol0009,0.8742,random,0.296058,0.833620
brats,reference,context-nn,vol0010,0.9810,gradcam,0.855829,0.934982
brats,reference,context-nn,vol0010,0.9810,ig,0.804050,0.946374
brats,reference,context-nn,vol0010,0.9810,occlusion,0.985261,0.949809
brats,reference,context-nn,vol0010,0.9810,random,0.863694,0.979659
brats,reference,context-nn,vol0011,0.8508,gradcam,0.107866,0.799014
brats,reference,context-nn,vol0011,0.8508,ig,0.196281,0.796767
brats,reference,context-nn,vol0011,0.8508,occlusion,0.033831,0.787678
brats,reference,context-nn,vol0011,0.8508,random,0.284618,0.803764
brats,reference,context-nn,vol0012,0.9306,gradcam,0.046053,0.917582
brats,reference,context-nn,vol0012,0.9306,ig,0.551401,0.900523
brats,reference,context-nn,vol0012,0.9306,occlusion,0.081171,0.886726
brats,reference,context-nn,vol0012,0.9306,random,0.125108,0.887547
brats,reference,context-nn,vol0013,0.5854,gradcam,0.066315,0.496754
brats,reference,context-nn,vol0013,0.5854,ig,0.051114,0.476280
brats,reference,context-nn,vol0013,0.5854,occlusion,0.074719,0.471848
brats,reference,context-nn,vol0013,0.5854,random,0.222080,0.503093
brats,reference,context-nn,vol0014,0.9488,gradcam,0.811312,0.955613
brats,reference,context-nn,vol0014,0.9488,ig,0.841636,0.950174
brats,reference,context-nn,vol0014,0.9488,occlusion,0.954287,0.950552
brats,reference,context-nn,vol0014,0.9488,random,0.915367,0.956692
brats,reference,context-nn,vol0015,0.9445,gradcam,0.025834,0.912262
brats,reference,context-nn,vol0015,0.9445,ig,0.234232,0.908666
brats,reference,context-nn,vol0015,0.9445,occlusion,0.085106,0.916163
brats,reference,context-nn,vol0015,0.9445,random,0.371451,0.917433
brats,reference,context-nn,vol0016,0.8264,gradcam,0.761522,0.842058
brats,reference,context-nn,vol0016,0.8264,ig,0.981259,0.838248
brats,reference,context-nn,vol0016,0.8264,occlusion,0.346750,0.820430
brats,reference,context-nn,vol0016,0.8264,random,0.934653,0.855838
brats,reference,context-nn,vol0017,0.8829,gradcam,0.077446,0.835423
brats,reference,context-nn,vol0017,0.8829,ig,0.164463,0.825644
brats,reference,context-nn,vol0017,0.8829,occlusion,0.276778,0.815644
brats,reference,context-nn,vol0017,0.8829,random,0.232259,0.836985
brats,reference,context-nn,vol0018,0.8407,gradcam,0.040703,0.818040
brats,reference,context-nn,vol0018,0.8407,ig,0.170633,0.802466
brats,reference,context-nn,vol0018,0.8407,occlusion,0.183256,0.773107
brats,reference,context-nn,vol0018,0.8407,random,0.041325,0.788031
brats,reference,context-nn,vol0019,0.7876,gradcam,0.055402,0.748697
brats,reference,context-nn,vol0019,0.7876,ig,0.118417,0.745753
brats,reference,context-nn,vol0019,0.7876,occlusion,0.059794,0.720780
brats,reference,context-nn,vol0019,0.7876,random,0.159947,0.728311
brats,reference,context-nn,vol0020,0.7049,gradcam,0.028493,0.676388
brats,reference,context-nn,vol0020,0.7049,ig,0.102863,0.662649
brats,reference,context-nn,vol0020,0.7049,occlusion,0.094648,0.645700
brats,reference,context-nn,vol0020,0.7049,random,0.191704,0.616988
brats,reference,context-nn,vol0021,0.6152,gradcam,0.042399,0.553140
brats,reference,context-nn,vol0021,0.6152,ig,0.018897,0.558041
brats,reference,context-nn,vol0021,0.6152,occlusion,0.127549,0.517201
brats,reference,context-nn,vol0021,0.6152,random,0.216628,0.523788
brats,reference,context-nn,vol0022,0.5840,gradcam,0.208957,0.528014
brats,reference,context-nn,vol0022,0.5840,ig,0.224467,0.508551
brats,reference,context-nn,vol0022,0.5840,occlusion,0.054078,0.476690
brats,reference,context-nn,vol0022,0.5840,random,0.189344,0.507093
brats,reference,context-nn,vol0023,0.8935,gradcam,0.115642,0.854875
brats,reference,context-nn,vol0023,0.8935,ig,0.034602,0.847806
brats,reference,context-nn,vol0023,0.8935,occlusion,0.267173,0.844461
brats,reference,context-nn,vol0023,0.8935,random,0.268065,0.859136
brats,reference,context-nn,vol0024,0.7658,gradcam,0.054202,0.731910
brats,reference,context-nn,vol0024,0.7658,ig,0.088335,0.730717
brats,reference,context-nn,vol0024,0.7658,occlusion,0.111797,0.691483
brats,reference,context-nn,vol0024,0.7658,random,0.268464,0.710384
brats,reference,context-nn,vol0025,0.9496,gradcam,0.118655,0.914915
brats,reference,context-nn,vol0025,0.9496,ig,0.130380,0.918381
brats,reference,context-nn,vol0025,0.9496,occlusion,0.081339,0.911523
brats,reference,context-nn,vol0025,0.9496,random,0.240450,0.926445
brats,reference,context-nn,vol0026,0.9838,gradcam,0.140459,0.970059
brats,reference,context-nn,vol0026,0.9838,ig,0.247412,0.970015
brats,reference,context-nn,vol0026,0.9838,occlusion,0.066648,0.969839
brats,reference,context-nn,vol0026,0.9838,random,0.319290,0.974145
brats,reference,context-nn,vol0027,0.9594,gradcam,0.150896,0.938627
brats,reference,context-nn,vol0027,0.9594,ig,0.043659,0.933213
brats,reference,context-nn,vol0027,0.9594,occlusion,0.148317,0.934227
brats,reference,context-nn,vol0027,0.9594,random,0.160751,0.934791
brats,reference,context-nn,vol0028,0.9379,gradcam,0.031985,0.903223
brats,reference,context-nn,vol0028,0.9379,ig,0.119443,0.899691
brats,reference,context-nn,vol0028,0.9379,occlusion,0.105698,0.902614
brats,reference,context-nn,vol0028,0.9379,random,0.469073,0.906663
brats,reference,context-nn,vol0029,0.8716,gradcam,0.033297,0.827999
brats,reference,context-nn,vol0029,0.8716,ig,0.112789,0.807114
brats,reference,context-nn,vol0029,0.8716,occlusion,0.082887,0.815196
brats,reference,context-nn,vol0029,0.8716,random,0.191125,0.827238
brats,reference,context-nn,vol0030,0.6716,gradcam,0.201702,0.650650
brats,reference,context-nn,vol0030,0.6716,ig,0.202275,0.591078
brats,reference,context-nn,vol0030,0.6716,occlusion,0.036626,0.581581
brats,reference,context-nn,vol0030,0.6716,random,0.105092,0.600645
brats,reference,context-nn,vol0031,0.5755,gradcam,0.035822,0.527933
brats,reference,context-nn,vol0031,0.5755,ig,0.115223,0.494122
brats,reference,context-nn,vol0031,0.5755,occlusion,0.052316,0.492026
brats,reference,context-nn,vol0031,0.5755,random,0.319333,0.516130
brats,reference,context-nn,vol0032,0.6031,gradcam,0.023978,0.616106
brats,reference,context-nn,vol0032,0.6031,ig,0.084139,0.580150
brats,reference,context-nn,vol0032,0.6031,occlusion,0.062033,0.533561
brats,reference,context-nn,vol0032,0.6031,random,0.136249,0.545902
brats,reference,context-nn,vol0033,0.5608,gradcam,0.039953,0.515339
brats,reference,context-nn,vol0033,0.5608,ig,0.162283,0.504343
brats,reference,context-nn,vol0033,0.5608,occlusion,0.026285,0.465330
brats,reference,context-nn,vol0033,0.5608,random,0.074674,0.476369
brats,reference,context-nn,vol0034,0.9888,gradcam,0.793156,0.920081
brats,reference,context-nn,vol0034,0.9888,ig,0.819887,0.922194
brats,reference,context-nn,vol0034,0.9888,occlusion,0.987411,0.952317
brats,reference,context-nn,vol0034,0.9888,random,0.871994,0.988717
brats,reference,context-nn,vol0035,0.8318,gradcam,0.043515,0.776142
brats,reference,context-nn,vol0035,0.8318,ig,0.164395,0.775059
brats,reference,context-nn,vol0035,0.8318,occlusion,0.193262,0.764971
brats,reference,context-nn,vol0035,0.8318,random,0.090804,0.777560
brats,reference,context-nn,vol0036,0.9480,gradcam,0.111278,0.929946
brats,reference,context-nn,vol0036,0.9480,ig,0.233391,0.918662
brats,reference,context-nn,vol0036,0.9480,occlusion,0.070173,0.911337
brats,reference,context-nn,vol0036,0.9480,random,0.337660,0.928114
brats,reference,context-nn,vol0037,0.9851,gradcam,0.074677,0.973891
brats,reference,context-nn,vol0037,0.9851,ig,0.117569,0.973051
brats,reference,context-nn,vol0037,0.9851,occlusion,0.081104,0.973411
brats,reference,context-nn,vol0037,0.9851,random,0.341838,0.975428
brats,reference,context-nn,vol0038,0.9995,gradcam,0.920829,0.999430
brats,reference,context-nn,vol0038,0.9995,ig,0.958563,0.998806
brats,reference,context-nn,vol0038,0.9995,occlusion,0.925863,0.999330
brats,reference,context-nn,vol0038,0.9995,random,0.923986,0.999465
brats,reference,context-nn,vol0039,0.9644,gradcam,0.963096,0.966622
brats,reference,context-nn,vol0039,0.9644,ig,0.789582,0.959206
brats,reference,context-nn,vol0039,0.9644,occlusion,0.992153,0.958493
brats,reference,context-nn,vol0039,0.9644,random,0.886583,0.967036
brats,reference,context-nn,vol0040,0.6710,gradcam,0.986000,0.718415
brats,reference,context-nn,vol0040,0.6710,ig,0.899750,0.734155
brats,reference,context-nn,vol0040,0.6710,occlusion,0.896127,0.677346
brats,reference,context-nn,vol0040,0.6710,random,0.925591,0.698947
brats,reference,context-nn,vol0041,0.9796,gradcam,0.058806,0.967738
brats,reference,context-nn,vol0041,0.9796,ig,0.095123,0.964960
brats,reference,context-nn,vol0041,0.9796,occlusion,0.094660,0.960895
brats,reference,context-nn,vol0041,0.9796,random,0.333483,0.967311
brats,reference,context-nn,vol0042,0.9796,gradcam,0.770798,0.979009
brats,reference,context-nn,vol0042,0.9796,ig,0.883323,0.974377
brats,reference,context-nn,vol0042,0.9796,occlusion,0.788760,0.980704
brats,reference,context-nn,vol0042,0.9796,random,0.982856,0.980903
brats,reference,context-nn,vol0043,0.9235,gradcam,0.036432,0.889626
brats,reference,context-nn,vol0043,0.9235,ig,0.071006,0.890952
brats,reference,context-nn,vol0043,0.9235,occlusion,0.045227,0.884103
brats,reference,context-nn,vol0043,0.9235,random,0.194175,0.889692
brats,reference,context-nn,vol0044,0.9105,gradcam,0.035889,0.872056
brats,reference,context-nn,vol0044,0.9105,ig,0.189958,0.865502
brats,reference,context-nn,vol0044,0.9105,occlusion,0.057562,0.867024
brats,reference,context-nn,vol0044,0.9105,random,0.216223,0.869771
brats,reference,context-nn,vol0045,0.5116,gradcam,0.681999,0.550215
brats,reference,context-nn,vol0045,0.5116,ig,0.683691,0.537017
brats,reference,context-nn,vol0045,0.5116,occlusion,0.558000,0.531570
brats,reference,context-nn,vol0045,0.5116,random,0.950083,0.581034
brats,reference,context-nn,vol0046,0.9788,gradcam,0.254151,0.962113
brats,reference,context-nn,vol0046,0.9788,ig,0.156860,0.958375
brats,reference,context-nn,vol0046,0.9788,occlusion,0.026812,0.958255
brats,reference,context-nn,vol0046,0.9788,random,0.375236,0.964769
brats,reference,context-nn,vol0047,0.9785,gradcam,0.743318,0.977749
brats,reference,context-nn,vol0047,0.9785,ig,0.703939,0.976453
brats,reference,context-nn,vol0047,0.9785,occlusion,0.523998,0.972470
brats,reference,context-nn,vol0047,0.9785,random,0.937112,0.977806
brats,reference,context-nn,vol0048,0.7261,gradcam,0.813512,0.761327
brats,reference,context-nn,vol0048,0.7261,ig,0.694085,0.764428
brats,reference,context-nn,vol0048,0.7261,occlusion,0.357747,0.730723
brats,reference,context-nn,vol0048,0.7261,random,0.916222,0.753885
brats,reference,context-nn,vol0049,0.8956,gradcam,0.130534,0.858305
brats,reference,context-nn,vol0049,0.8956,ig,0.124920,0.852956
brats,reference,context-nn,vol0049,0.8956,occlusion,0.283956,0.846626
brats,reference,context-nn,vol0049,0.8956,random,0.373960,0.862973
brats,reference,context-nn,vol0050,0.8891,gradcam,0.044939,0.840073
brats,reference,context-nn,vol0050,0.8891,ig,0.152994,0.823909
brats,reference,context-nn,vol0050,0.8891,occlusion,0.117399,0.822341
brats,reference,context-nn,vol0050,0.8891,random,0.308313,0.848018
brats,reference,context-nn,vol0051,0.8311,gradcam,0.957021,0.847561
brats,reference,context-nn,vol0051,0.8311,ig,0.918586,0.837056
brats,reference,context-nn,vol0051,0.8311,occlusion,0.749783,0.830411
brats,reference,context-nn,vol0051,0.8311,random,0.916223,0.843128
brats,reference,context-nn,vol0052,0.9455,gradcam,0.108866,0.918366
brats,reference,context-nn,vol0052,0.9455,ig,0.195638,0.908927
brats,reference,context-nn,vol0052,0.9455,occlusion,0.202972,0.914023
brats,reference,context-nn,vol0052,0.9455,random,0.330358,0.918205
brats,reference,context-nn,vol0053,0.9520,gradcam,0.070505,0.932458
brats,reference,context-nn,vol0053,0.9520,ig,0.287164,0.931009
brats,reference,context-nn,vol0053,0.9520,occlusion,0.024932,0.928401
brats,reference,context-nn,vol0053,0.9520,random,0.496658,0.931197
brats,reference,context-nn,vol0054,0.8631,gradcam,0.033138,0.813607
brats,reference,context-nn,vol0054,0.8631,ig,0.042365,0.805152
brats,reference,context-nn,vol0054,0.8631,occlusion,0.294796,0.805464
brats,reference,context-nn,vol0054,0.8631,random,0.370527,0.819809
brats,reference,context-nn,vol0055,0.9619,gradcam,0.126018,0.940267
brats,reference,context-nn,vol0055,0.9619,ig,0.197414,0.939281
brats,reference,context-nn,vol0055,0.9619,occlusion,0.048053,0.937646
brats,reference,context-nn,vol0055,0.9619,random,0.452863,0.941342
brats,reference,context-nn,vol0056,0.6584,gradcam,0.114142,0.605342
brats,reference,context-nn,vol0056,0.6584,ig,0.244706,0.582283
brats,reference,context-nn,vol0056,0.6584,occlusion,0.220731,0.573349
brats,reference,context-nn,vol0056,0.6584,random,0.109727,0.582621
brats,reference,context-nn,vol0057,0.9185,gradcam,0.920637,0.861044
brats,reference,context-nn,vol0057,0.9185,ig,0.777426,0.906879
brats,reference,context-nn,vol0057,0.9185,occlusion,0.830655,0.860303
brats,reference,context-nn,vol0057,0.9185,random,0.851718,0.924256
brats,reference,context-nn,vol0058,0.7748,gradcam,0.548543,0.786778
brats,reference,context-nn,vol0058,0.7748,ig,0.972218,0.763936
brats,reference,context-nn,vol0058,0.7748,occlusion,0.554397,0.755640
brats,reference,context-nn,vol0058,0.7748,random,0.986202,0.813751
brats,reference,context-nn,vol0059,0.9656,gradcam,0.054071,0.951099
brats,reference,context-nn,vol0059,0.9656,ig,0.049282,0.943775
brats,reference,context-nn,vol0059,0.9656,occlusion,0.055628,0.943374
brats,reference,context-nn,vol0059,0.9656,random,0.406758,0.944998
brats,reference,context-nn,vol0060,0.9488,gradcam,0.810872,0.955592
brats,reference,context-nn,vol0060,0.9488,ig,0.841529,0.950196
brats,reference,context-nn,vol0060,0.9488,occlusion,0.945413,0.950759
brats,reference,context-nn,vol0060,0.9488,random,0.918449,0.957714
brats,reference,context-nn,vol0061,0.9985,gradcam,0.915153,0.994017
brats,reference,context-nn,vol0061,0.9985,ig,0.790547,0.994561
brats,reference,context-nn,vol0061,0.9985,occlusion,0.780313,0.994163
brats,reference,context-nn,vol0061,0.9985,random,0.942656,0.997882
brats,reference,context-nn,vol0062,0.5578,gradcam,0.700335,0.635139
brats,reference,context-nn,vol0062,0.5578,ig,0.923655,0.636046
brats,reference,context-nn,vol0062,0.5578,occlusion,0.693184,0.577665
brats,reference,context-nn,vol0062,0.5578,random,0.774762,0.627625
brats,reference,context-nn,vol0063,0.5715,gradcam,0.853458,0.610135
brats,reference,context-nn,vol0063,0.5715,ig,0.877583,0.624833
brats,reference,context-nn,vol0063,0.5715,occlusion,0.619767,0.589325
brats,reference,context-nn,vol0063,0.5715,random,0.961201,0.620707
brats,reference,context-nn,vol0064,0.8601,gradcam,0.072642,0.801425
brats,reference,context-nn,vol0064,0.8601,ig,0.272189,0.799749
brats,reference,context-nn,vol0064,0.8601,occlusion,0.028965,0.789900
brats,reference,context-nn,vol0064,0.8601,random,0.184275,0.802990
brats,reference,context-nn,vol0065,0.9903,gradcam,0.990081,0.978765
brats,reference,context-nn,vol0065,0.9903,ig,0.805932,0.971694
brats,reference,context-nn,vol0065,0.9903,occlusion,0.973666,0.985742
brats,reference,context-nn,vol0065,0.9903,random,0.937680,0.990425
brats,reference,context-nn,vol0066,0.9913,gradcam,0.095423,0.985491
brats,reference,context-nn,vol0066,0.9913,ig,0.143759,0.983815
brats,reference,context-nn,vol0066,0.9913,occlusion,0.276151,0.983573
brats,reference,context-nn,vol0066,0.9913,random,0.401636,0.985150
brats,reference,context-nn,vol0067,0.9904,gradcam,0.977979,0.983708
brats,reference,context-nn,vol0067,0.9904,ig,0.838877,0.989191
brats,reference,context-nn,vol0067,0.9904,occlusion,0.592203,0.981203
brats,reference,context-nn,vol0067,0.9904,random,0.963315,0.991575
brats,reference,context-nn,vol0068,0.9621,gradcam,0.946826,0.956332
brats,reference,context-nn,vol0068,0.9621,ig,0.841202,0.960749
brats,reference,context-nn,vol0068,0.9621,occlusion,0.795197,0.961179
brats,reference,context-nn,vol0068,0.9621,random,0.928949,0.964681
brats,reference,context-nn,vol0069,0.9995,gradcam,0.919450,0.999367
brats,reference,context-nn,vol0069,0.9995,ig,0.983612,0.999235
brats,reference,context-nn,vol0069,0.9995,occlusion,0.924995,0.999337
brats,reference,context-nn,vol0069,0.9995,random,0.936404,0.999419
brats,reference,context-nn,vol0070,0.8385,gradcam,0.068292,0.787428
brats,reference,context-nn,vol0070,0.8385,ig,0.290863,0.796454
brats,reference,context-nn,vol0070,0.8385,occlusion,0.239489,0.779760
brats,reference,context-nn,vol0070,0.8385,random,0.150530,0.793059
brats,reference,context-nn,vol0071,0.6303,gradcam,0.732977,0.665110
brats,reference,context-nn,vol0071,0.6303,ig,0.862356,0.665150
brats,reference,context-nn,vol0071,0.6303,occlusion,0.827206,0.636864
brats,reference,context-nn,vol0071,0.6303,random,0.837578,0.700061
brats,reference,context-nn,vol0072,1.0000,gradcam,0.957206,0.999498
brats,reference,context-nn,vol0072,1.0000,ig,0.889370,0.999834
brats,reference,context-nn,vol0072,1.0000,occlusion,0.857937,0.999959
brats,reference,context-nn,vol0072,1.0000,random,0.851386,0.999967
